window-event,window-open,indoor-temp,time,outdoor-temp
False,False,69.08,153424,64.22
False,False,69.08,153424,64.22
False,False,69.08,153425,64.22
False,False,69.08,153426,64.22
False,False,69.08,153427,61.88
False,False,69.08,153428,61.88
False,False,69.08,153429,61.88
False,False,69.08,153430,61.88
False,False,69.08,153431,61.88
False,False,69.08,153432,61.88
False,False,69.08,153433,61.88
False,False,69.08,153434,61.88
False,False,69.08,153435,62.06
False,False,69.08,153436,62.06
False,False,69.08,153437,62.06
False,False,69.08,153438,62.06
False,False,69.08,153439,62.06
False,False,69.08,153440,62.06
False,False,69.08,153441,62.06
False,False,69.08,153442,62.06
False,False,69.08,153443,62.06
False,False,69.08,153444,62.06
False,False,69.08,153445,62.06
False,False,69.08,153446,62.06
False,False,69.08,153447,62.06
False,False,69.08,153448,62.06
False,False,69.08,153449,62.06
False,False,69.08,153450,62.96
False,False,69.08,153451,62.96
False,False,69.08,153452,62.96
False,False,69.08,153453,62.96
False,False,69.08,153454,62.96
False,False,69.08,153455,62.96
False,False,69.08,153456,62.96
False,False,69.08,153457,62.96
False,False,69.08,153458,62.96
False,False,69.08,153459,62.96
False,False,69.08,153460,62.96
False,False,69.08,153461,62.96
False,False,69.08,153462,62.96
False,False,69.08,153463,62.96
False,False,69.08,153464,62.96
False,False,69.08,153465,63.14
False,False,69.08,153466,63.14
False,False,69.08,153467,63.14
False,False,69.08,153468,63.14
False,False,69.08,153469,63.14
False,False,69.08,153470,63.14
False,False,69.08,153471,63.14
False,False,69.08,153472,63.14
False,False,69.08,153473,63.14
False,False,69.08,153474,63.14
False,False,69.08,153475,63.14
False,False,69.08,153476,63.14
False,False,69.08,153477,63.14
False,False,69.08,153478,63.14
False,False,69.25999999999999,153479,63.14
False,False,69.25999999999999,153480,62.96
False,False,69.25999999999999,153481,62.96
False,False,69.08,153482,62.96
False,False,69.08,153483,62.96
False,False,69.08,153484,62.96
False,False,69.08,153485,62.96
False,False,69.08,153486,62.96
False,False,69.08,153487,62.96
False,False,69.08,153488,62.96
False,False,69.08,153489,62.96
False,False,69.08,153490,62.96
False,False,69.08,153491,62.96
False,False,69.08,153492,62.96
False,False,69.08,153493,62.96
False,False,69.08,153494,62.96
False,False,69.08,153495,62.78
False,False,69.08,153496,62.78
False,False,69.08,153497,62.78
False,False,69.08,153498,62.78
False,False,69.08,153499,62.78
False,False,69.08,153500,62.78
False,False,69.08,153501,62.78
False,False,69.08,153502,62.78
False,False,69.08,153503,62.78
False,False,69.08,153504,62.78
False,False,69.08,153505,62.78
False,False,69.08,153506,62.78
False,False,69.08,153507,62.78
False,False,69.08,153508,62.78
False,False,69.08,153509,62.78
False,False,69.08,153510,63.32
False,False,69.08,153511,63.32
False,False,69.08,153512,61.52
False,False,69.08,153513,61.52
False,False,69.08,153514,61.52
False,False,69.08,153515,61.52
False,False,69.08,153516,61.52
False,False,69.08,153517,61.52
False,False,69.08,153518,61.52
False,False,69.08,153519,61.52
False,False,69.08,153520,61.52
False,False,69.08,153521,61.52
False,False,69.08,153522,61.52
False,False,69.08,153523,61.52
False,False,69.08,153524,61.52
False,False,69.08,153525,62.06
False,False,69.08,153526,62.06
False,False,69.08,153527,62.06
False,False,69.08,153528,62.06
False,False,69.08,153529,62.06
False,False,69.08,153530,62.06
False,False,69.08,153531,62.06
False,False,69.08,153532,62.06
False,False,69.08,153533,62.06
False,False,69.08,153534,62.06
False,False,69.08,153535,62.06
False,False,69.08,153536,62.06
False,False,69.08,153537,62.06
False,False,69.08,153538,62.06
False,False,69.08,153539,62.06
False,False,69.25999999999999,153540,62.42
False,False,69.08,153541,62.42
False,False,69.08,153542,62.42
False,False,69.08,153543,62.42
False,False,69.08,153544,62.42
False,False,69.08,153545,62.42
False,False,69.08,153546,62.42
False,False,69.08,153547,62.42
False,False,69.08,153548,62.42
False,False,69.08,153549,62.42
False,False,69.08,153550,62.42
False,False,69.08,153551,62.42
False,False,69.08,153552,62.42
False,False,69.25999999999999,153553,62.42
False,False,69.08,153554,62.42
False,False,69.25999999999999,153555,62.24
False,False,69.25999999999999,153556,62.24
False,False,69.25999999999999,153557,62.24
False,False,69.25999999999999,153558,62.24
False,False,69.25999999999999,153559,62.24
False,False,69.25999999999999,153560,62.24
False,False,69.25999999999999,153561,62.24
False,False,69.25999999999999,153562,62.24
False,False,69.25999999999999,153563,62.24
False,False,69.25999999999999,153564,62.24
False,False,69.25999999999999,153565,62.24
False,False,69.25999999999999,153566,62.24
False,False,69.25999999999999,153567,62.24
False,False,69.25999999999999,153568,62.24
False,False,69.25999999999999,153569,62.24
False,False,69.25999999999999,153570,62.06
False,False,69.25999999999999,153571,62.06
False,False,69.25999999999999,153572,60.62
False,False,69.25999999999999,153573,60.62
False,False,69.25999999999999,153574,60.62
False,False,69.25999999999999,153575,60.62
False,False,69.25999999999999,153576,60.62
False,False,69.25999999999999,153577,60.62
False,False,69.25999999999999,153578,60.62
False,False,69.25999999999999,153579,60.62
False,False,69.25999999999999,153580,60.62
False,False,69.25999999999999,153581,60.62
False,False,69.25999999999999,153582,60.62
False,False,69.25999999999999,153583,60.62
False,False,69.25999999999999,153584,60.62
False,False,69.25999999999999,153585,60.98
False,False,69.25999999999999,153586,60.98
False,False,69.25999999999999,153587,60.98
False,False,69.25999999999999,153588,60.98
False,False,69.25999999999999,153589,60.98
False,False,69.25999999999999,153590,60.98
False,False,69.25999999999999,153591,60.98
False,False,69.25999999999999,153592,60.98
False,False,69.25999999999999,153593,60.98
False,False,69.25999999999999,153594,60.98
False,False,69.25999999999999,153595,60.98
False,False,69.25999999999999,153596,60.98
False,False,69.25999999999999,153597,60.98
False,False,69.25999999999999,153598,60.98
False,False,69.25999999999999,153599,60.98
False,False,69.25999999999999,153600,60.98
False,False,69.25999999999999,153601,60.98
False,False,69.25999999999999,153602,60.98
False,False,69.25999999999999,153603,60.98
False,False,69.25999999999999,153604,60.98
False,False,69.25999999999999,153605,60.98
False,False,69.25999999999999,153606,60.98
False,False,69.25999999999999,153607,60.98
False,False,69.25999999999999,153608,60.98
False,False,69.25999999999999,153609,60.98
False,False,69.25999999999999,153610,60.98
False,False,69.25999999999999,153611,60.98
False,False,69.25999999999999,153612,60.98
False,False,69.25999999999999,153613,60.98
False,False,69.25999999999999,153614,60.98
False,False,69.44,153615,60.8
False,False,69.44,153616,60.8
False,False,69.44,153617,60.8
False,False,69.44,153618,60.8
False,False,69.44,153619,60.8
False,False,69.44,153620,60.8
False,False,69.44,153621,60.8
False,False,69.44,153622,60.8
False,False,69.25999999999999,153623,60.8
False,False,69.44,153624,60.8
False,False,69.25999999999999,153625,60.8
False,False,69.25999999999999,153626,60.8
False,False,69.25999999999999,153627,60.8
False,False,69.25999999999999,153628,60.8
False,False,69.44,153629,60.8
False,False,69.25999999999999,153630,60.8
False,False,69.25999999999999,153631,60.8
False,False,69.44,153632,60.8
False,False,69.44,153633,60.8
False,False,69.25999999999999,153634,60.8
False,False,69.44,153635,60.8
False,False,69.44,153636,60.8
False,False,69.44,153637,60.8
False,False,69.44,153638,60.8
False,False,69.25999999999999,153639,60.8
False,False,69.25999999999999,153640,60.8
False,False,69.25999999999999,153641,60.8
False,False,69.25999999999999,153642,60.8
False,False,69.25999999999999,153643,60.8
False,False,69.25999999999999,153644,60.8
False,False,69.44,153645,60.62
False,False,69.25999999999999,153646,60.62
False,False,69.44,153647,60.62
False,False,69.25999999999999,153648,60.62
False,False,69.44,153649,60.62
False,False,69.44,153650,60.62
False,False,69.44,153651,60.62
False,False,69.44,153652,60.62
False,False,69.25999999999999,153653,60.62
False,False,69.44,153654,60.62
False,False,69.44,153655,60.62
False,False,69.25999999999999,153656,60.62
False,False,69.25999999999999,153657,60.62
False,False,69.25999999999999,153658,60.62
False,False,69.44,153659,60.62
False,False,69.25999999999999,153660,60.26
False,False,69.44,153661,60.26
False,False,69.25999999999999,153662,60.26
False,False,69.44,153663,60.26
False,False,69.44,153664,60.26
False,False,69.44,153665,60.26
False,False,69.44,153666,60.26
False,False,69.44,153667,60.26
False,False,69.44,153668,60.26
False,False,69.44,153669,60.26
False,False,69.44,153670,60.26
False,False,69.44,153671,60.26
False,False,69.44,153672,60.26
False,False,69.44,153673,60.26
False,False,69.44,153674,60.26
False,False,69.44,153675,60.08
False,False,69.44,153676,60.08
False,False,69.44,153677,60.08
False,False,69.44,153678,60.08
False,False,69.44,153679,60.08
False,False,69.44,153680,60.08
False,False,69.44,153681,60.08
False,False,69.44,153682,60.08
False,False,69.44,153683,60.08
False,False,69.44,153684,60.08
False,False,69.44,153685,60.08
False,False,69.44,153686,60.08
False,False,69.44,153687,60.08
False,False,69.44,153688,60.08
False,False,69.44,153689,60.08
False,False,69.44,153690,59.540000000000006
False,False,69.44,153691,59.540000000000006
False,False,69.44,153692,59.540000000000006
False,False,69.44,153693,59.540000000000006
False,False,69.44,153694,59.540000000000006
False,False,69.44,153695,59.540000000000006
False,False,69.44,153696,59.72
False,False,69.44,153697,59.72
False,False,69.44,153698,59.72
False,False,69.44,153699,59.72
False,False,69.44,153700,59.72
False,False,69.44,153701,59.72
False,False,69.44,153702,59.72
False,False,69.44,153703,59.72
False,False,69.44,153704,59.72
False,False,69.44,153705,59.540000000000006
False,False,69.44,153706,59.540000000000006
False,False,69.44,153707,59.540000000000006
False,False,69.44,153708,59.540000000000006
False,False,69.44,153709,59.540000000000006
False,False,69.44,153710,59.540000000000006
False,False,69.44,153711,59.540000000000006
False,False,69.44,153712,59.540000000000006
False,False,69.44,153713,59.540000000000006
False,False,69.44,153714,59.540000000000006
False,False,69.44,153715,59.540000000000006
False,False,69.44,153716,59.540000000000006
False,False,69.44,153717,59.540000000000006
False,False,69.44,153718,59.540000000000006
False,False,69.44,153719,59.540000000000006
False,False,69.44,153720,58.64
False,False,69.44,153721,58.64
False,False,69.44,153722,58.64
False,False,69.44,153723,58.64
False,False,69.44,153724,58.64
False,False,69.44,153725,58.64
False,False,69.44,153726,58.64
False,False,69.44,153727,58.64
False,False,69.62,153728,58.64
False,False,69.44,153729,58.64
False,False,69.44,153730,58.64
False,False,69.44,153731,58.64
False,False,69.44,153732,58.64
False,False,69.44,153733,58.64
False,False,69.44,153734,58.64
False,False,69.44,153735,57.74
False,False,69.44,153736,57.74
False,False,69.44,153737,57.74
False,False,69.44,153738,57.74
False,False,69.44,153739,57.74
False,False,69.44,153740,57.74
False,False,69.44,153741,57.74
False,False,69.44,153742,57.74
False,False,69.44,153743,57.74
False,False,69.44,153744,57.74
False,False,69.44,153745,57.74
False,False,69.44,153746,57.74
False,False,69.44,153747,57.74
False,False,69.44,153748,57.74
False,False,69.44,153749,57.74
False,False,69.44,153750,56.84
False,False,69.44,153751,56.84
False,False,69.44,153752,56.84
False,False,69.44,153753,56.84
False,False,69.44,153754,56.84
False,False,69.44,153755,56.84
False,False,69.44,153756,56.84
False,False,69.44,153757,56.84
False,False,69.44,153758,56.84
False,False,69.44,153759,56.84
False,False,69.44,153760,56.84
False,False,69.44,153761,56.84
False,False,69.44,153762,56.84
False,False,69.44,153763,56.84
False,False,69.44,153764,56.84
False,False,69.44,153765,55.94
False,False,69.44,153766,55.94
False,False,69.44,153767,55.94
False,False,69.44,153768,55.94
False,False,69.44,153769,55.94
False,False,69.44,153770,55.94
False,False,69.44,153771,55.94
False,False,69.44,153772,55.94
False,False,69.44,153773,55.94
False,False,69.44,153774,55.94
False,False,69.44,153775,55.94
False,False,69.44,153776,55.94
False,False,69.44,153777,55.94
False,False,69.62,153778,55.94
False,False,69.8,153779,55.94
False,False,69.98,153780,55.4
False,False,69.98,153781,55.4
False,False,69.98,153782,55.4
False,False,70.34,153783,55.4
False,False,70.52,153784,55.4
False,False,70.52,153785,55.4
False,False,70.7,153786,55.4
False,False,70.7,153787,55.4
False,False,70.88,153788,55.4
False,False,70.88,153789,55.4
False,False,71.06,153790,55.4
False,False,71.24000000000001,153791,55.4
False,False,71.24000000000001,153792,55.4
False,False,71.24000000000001,153793,55.4
False,False,71.42,153794,55.4
False,False,71.42,153795,54.86
False,False,71.42,153796,54.86
False,False,71.42,153797,55.04
False,False,71.42,153798,55.04
False,False,71.6,153799,55.04
False,False,71.6,153800,55.04
False,False,71.6,153801,55.04
False,False,71.6,153802,55.04
False,False,71.6,153803,55.04
False,False,71.6,153804,55.04
False,False,71.42,153805,55.04
False,False,71.42,153806,55.04
False,False,71.6,153807,55.04
False,False,71.78,153808,54.32
False,False,71.78,153809,54.32
False,False,71.78,153810,53.78
False,False,71.78,153811,53.78
False,False,71.78,153812,53.78
False,False,71.78,153813,53.78
False,False,71.78,153814,53.78
False,False,71.78,153815,53.78
False,False,71.78,153816,53.78
False,False,71.78,153817,53.78
False,False,71.78,153818,53.78
False,False,71.96,153819,53.78
False,False,71.96,153820,53.78
False,False,71.96,153821,53.78
False,False,71.96,153822,53.78
False,False,71.96,153823,53.78
False,False,71.96,153824,53.78
False,False,72.14,153825,53.42
False,False,72.14,153826,53.42
False,False,71.96,153827,53.42
False,False,71.96,153828,53.42
False,False,71.96,153829,53.42
False,False,72.14,153830,53.42
False,False,72.14,153831,53.42
False,False,72.14,153832,53.42
False,False,72.14,153833,53.42
False,False,72.14,153834,53.42
False,False,72.32,153835,53.42
False,False,72.32,153836,53.42
False,False,72.5,153837,53.42
False,False,72.5,153838,53.42
False,False,72.5,153839,53.42
False,False,72.5,153840,53.06
False,False,72.5,153841,53.06
False,False,72.5,153842,53.06
False,False,72.5,153843,53.06
False,False,72.32,153844,53.06
False,False,72.32,153845,53.06
False,False,72.32,153846,53.06
False,False,72.5,153847,53.06
False,False,72.68,153848,53.06
False,False,72.68,153849,53.06
False,False,72.86,153850,53.06
False,False,72.86,153851,53.06
False,False,73.04,153852,53.06
False,False,73.22,153853,53.06
False,False,73.4,153854,53.06
False,False,73.4,153855,52.88
False,False,73.4,153856,52.88
False,False,73.4,153857,52.88
False,False,73.58,153858,52.88
False,False,73.58,153859,52.88
False,False,73.75999999999999,153860,52.88
False,False,73.75999999999999,153861,52.88
False,False,73.75999999999999,153862,52.88
False,False,73.94,153863,52.88
False,False,73.94,153864,52.88
False,False,74.12,153865,52.88
False,False,74.12,153866,52.88
False,False,73.94,153867,52.88
False,False,73.94,153868,53.6
False,False,73.94,153869,53.6
False,False,73.94,153870,53.24
False,False,73.94,153871,53.24
False,False,73.94,153872,53.24
False,False,73.94,153873,53.24
False,False,73.94,153874,53.24
False,False,73.94,153875,53.24
False,False,74.12,153876,53.24
False,False,74.12,153877,53.24
False,False,74.12,153878,53.24
False,False,74.12,153879,53.24
False,False,74.12,153880,53.24
False,False,74.12,153881,53.24
False,False,74.3,153882,53.24
False,False,74.3,153883,53.24
False,False,74.3,153884,53.24
False,False,74.3,153885,52.52
False,False,74.3,153886,52.52
False,False,74.3,153887,52.52
False,False,74.3,153888,52.52
False,False,74.3,153889,52.52
False,False,74.3,153890,52.52
False,False,74.48,153891,52.52
False,False,74.48,153892,52.52
False,False,74.48,153893,52.52
False,False,74.48,153894,52.52
False,False,74.66,153895,52.52
False,False,74.48,153896,52.52
False,False,74.48,153897,52.52
False,False,74.66,153898,52.52
False,False,74.66,153899,52.52
False,False,74.66,153900,52.34
False,False,74.66,153901,52.34
False,False,74.66,153902,52.34
False,False,74.66,153903,52.34
False,False,74.66,153904,52.34
False,False,74.66,153905,52.34
False,False,74.66,153906,52.34
False,False,74.66,153907,52.34
False,False,74.66,153908,52.34
False,False,74.84,153909,52.34
False,False,74.84,153910,52.34
False,False,74.66,153911,52.34
False,False,74.84,153912,52.34
False,False,74.84,153913,52.34
False,False,74.84,153914,52.34
False,False,74.84,153915,51.98
False,False,74.66,153916,51.98
False,False,74.48,153917,51.98
False,False,74.66,153918,51.98
False,False,74.66,153919,51.98
False,False,74.66,153920,51.98
False,False,74.66,153921,51.98
False,False,74.66,153922,51.98
False,False,74.66,153923,51.98
False,False,74.66,153924,51.98
False,False,74.66,153925,51.98
False,False,74.84,153926,51.98
False,False,74.66,153927,51.98
False,False,74.84,153928,51.98
False,False,74.84,153929,51.98
False,False,74.84,153930,51.620000000000005
False,False,74.84,153931,51.620000000000005
False,False,74.84,153932,51.620000000000005
False,False,74.84,153933,51.620000000000005
False,False,74.84,153934,51.620000000000005
False,False,74.84,153935,51.620000000000005
False,False,74.84,153936,51.620000000000005
False,False,74.84,153937,51.620000000000005
False,False,74.84,153938,51.620000000000005
False,False,75.02,153939,51.620000000000005
False,False,74.84,153940,51.620000000000005
False,False,75.02,153941,51.620000000000005
False,False,75.02,153942,51.620000000000005
False,False,74.84,153943,51.620000000000005
False,False,74.84,153944,51.620000000000005
False,False,74.66,153945,51.44
False,False,74.84,153946,51.44
False,False,74.84,153947,51.44
False,False,74.84,153948,51.44
False,False,74.84,153949,51.44
False,False,74.84,153950,51.44
False,False,75.02,153951,51.44
False,False,75.02,153952,51.44
False,False,75.02,153953,51.44
False,False,75.02,153954,51.44
False,False,75.02,153955,51.44
False,False,75.02,153956,51.44
False,False,75.02,153957,51.44
False,False,75.02,153958,51.44
False,False,75.02,153959,51.44
False,False,75.02,153960,51.26
False,False,75.02,153961,51.26
False,False,75.02,153962,51.26
False,False,75.02,153963,51.26
False,False,75.02,153964,51.26
False,False,75.02,153965,51.26
False,False,75.02,153966,51.26
False,False,75.02,153967,51.26
False,False,75.02,153968,51.26
False,False,75.02,153969,51.26
False,False,75.2,153970,51.26
False,False,75.2,153971,51.26
False,False,75.2,153972,51.26
False,False,75.2,153973,51.26
False,False,75.02,153974,51.26
False,False,75.02,153975,51.08
False,False,74.84,153976,51.08
False,False,74.84,153977,51.08
False,False,74.84,153978,51.08
False,False,74.84,153979,51.08
False,False,74.84,153980,51.08
False,False,74.84,153981,51.08
False,False,74.84,153982,51.08
False,False,74.48,153983,51.08
False,False,74.3,153984,51.44
False,False,74.48,153985,51.44
False,False,74.48,153986,51.44
False,False,74.48,153987,51.44
False,False,74.48,153988,51.44
False,False,74.48,153989,51.44
False,False,74.48,153990,51.26
False,False,74.66,153991,51.26
False,False,74.48,153992,51.26
False,False,74.66,153993,51.26
False,False,74.66,153994,51.26
False,False,74.66,153995,51.26
False,False,74.66,153996,51.26
False,False,74.66,153997,51.26
False,False,74.66,153998,51.26
False,False,74.84,153999,51.26
False,False,74.66,154000,51.26
False,False,74.66,154001,51.26
False,False,74.66,154002,51.26
False,False,74.66,154003,51.26
False,False,74.66,154004,51.26
False,False,74.84,154005,50.9
False,False,74.84,154006,50.9
False,False,75.02,154009,50.9
False,False,75.02,154009,50.9
False,False,75.02,154010,50.9
False,False,75.02,154011,50.9
False,False,75.02,154012,50.9
False,False,75.02,154013,50.9
False,False,75.02,154014,50.9
False,False,75.2,154015,50.9
False,False,75.2,154016,50.9
False,False,75.2,154017,50.9
False,False,75.2,154018,50.9
False,False,75.2,154019,50.9
False,False,75.2,154020,50.72
False,False,75.2,154021,50.72
False,False,75.2,154022,50.72
False,False,75.2,154023,50.72
False,False,75.2,154024,50.72
False,False,75.2,154025,50.72
False,False,75.2,154026,50.72
False,False,75.2,154027,50.72
False,False,75.38,154028,50.72
False,False,75.2,154029,50.72
False,False,75.2,154030,50.72
False,False,75.38,154031,50.72
False,False,75.38,154032,50.72
False,False,75.38,154033,50.72
False,False,75.38,154034,50.72
False,False,75.2,154035,50.54
False,False,75.2,154036,50.54
False,False,75.02,154037,50.54
False,False,75.02,154038,50.54
False,False,75.02,154039,50.54
False,False,74.84,154040,50.54
False,False,74.84,154041,50.54
False,False,74.84,154042,50.54
False,False,74.84,154043,50.54
False,False,74.66,154044,50.54
False,False,74.66,154045,50.54
False,False,74.66,154046,52.7
False,False,74.66,154047,52.7
False,False,74.66,154048,52.7
False,False,74.48,154049,52.7
False,False,74.3,154050,52.52
False,False,74.3,154051,52.52
False,False,74.3,154052,52.52
False,False,74.3,154053,52.52
False,False,74.3,154054,52.52
False,False,74.3,154055,52.52
False,False,74.12,154056,52.52
False,False,73.94,154057,52.52
False,False,73.75999999999999,154058,52.52
False,False,73.58,154059,52.52
False,False,73.58,154060,52.52
False,False,73.58,154061,52.52
False,False,73.58,154062,52.52
False,False,73.58,154063,52.52
False,False,73.4,154064,52.52
False,False,73.4,154065,52.52
False,False,73.4,154066,52.52
False,False,73.4,154067,52.52
False,False,73.4,154069,52.52
False,False,73.22,154069,52.52
False,False,73.22,154071,52.52
False,False,73.22,154071,52.52
False,False,73.22,154072,52.52
False,False,73.22,154073,52.52
False,False,73.22,154074,52.52
False,False,73.22,154075,52.52
False,False,73.22,154076,52.52
False,False,72.86,154077,52.52
False,False,72.86,154078,52.52
False,False,72.86,154079,52.52
False,False,72.86,154080,52.34
False,False,72.68,154081,52.34
False,False,72.68,154082,52.34
False,False,72.68,154083,52.34
False,False,72.68,154084,52.34
False,False,72.68,154085,52.34
False,False,72.68,154086,52.34
False,False,72.68,154087,52.34
False,False,72.68,154088,52.34
False,False,72.5,154089,52.34
False,False,72.5,154090,52.34
False,False,72.5,154091,52.34
False,False,72.5,154092,52.34
False,False,72.5,154093,52.34
False,False,72.5,154094,52.34
False,False,72.32,154095,52.34
False,False,72.32,154096,52.34
False,False,72.32,154097,52.34
False,False,72.32,154098,52.34
False,False,72.32,154099,52.34
False,False,72.32,154100,52.34
False,False,72.32,154101,52.34
False,False,72.32,154102,52.34
False,False,72.32,154103,52.34
False,False,72.32,154104,52.34
False,False,72.32,154105,52.34
False,False,72.5,154106,52.34
False,False,72.5,154107,52.34
False,False,72.5,154108,52.34
False,False,72.5,154109,52.34
False,False,72.5,154110,52.34
False,False,72.5,154111,52.34
False,False,72.5,154112,52.34
False,False,72.5,154113,52.34
False,False,72.5,154114,52.34
False,False,72.5,154115,52.34
False,False,72.5,154116,52.34
False,False,72.5,154117,52.34
False,False,72.5,154118,52.34
False,False,72.5,154119,52.34
False,False,72.5,154120,52.34
False,False,72.32,154121,52.34
False,False,72.32,154122,52.34
False,False,72.32,154123,52.34
False,False,72.32,154124,52.34
False,False,72.32,154125,52.34
False,False,72.32,154126,52.34
False,False,72.32,154127,52.34
False,False,72.32,154128,52.34
False,False,72.32,154129,52.34
False,False,72.32,154130,52.34
False,False,72.32,154131,52.34
False,False,72.14,154132,52.34
False,False,72.14,154133,52.34
False,False,72.14,154134,52.34
False,False,72.14,154135,52.34
False,False,72.14,154136,52.34
False,False,72.14,154137,52.34
False,False,72.14,154138,52.34
False,False,72.14,154139,52.34
False,False,72.14,154140,52.34
False,False,71.96,154141,52.34
False,False,71.96,154142,52.34
False,False,71.96,154143,52.34
False,False,71.96,154144,52.34
False,False,71.96,154145,52.34
False,False,71.96,154146,52.34
False,False,71.96,154147,52.34
False,False,71.96,154148,52.34
False,False,71.96,154149,52.34
False,False,71.78,154150,52.34
False,False,71.78,154151,52.34
False,False,71.78,154152,52.34
False,False,71.78,154153,52.34
False,False,71.78,154154,52.34
False,False,71.78,154155,52.16
False,False,71.78,154156,52.16
False,False,71.78,154157,52.16
False,False,71.78,154158,52.16
False,False,71.78,154159,52.16
False,False,71.78,154160,52.16
False,False,71.78,154161,52.16
False,False,71.78,154162,52.16
False,False,71.78,154163,52.16
False,False,71.78,154164,52.16
False,False,71.78,154165,52.16
False,False,71.78,154166,52.16
False,False,71.78,154167,52.16
False,False,71.6,154168,52.16
False,False,71.6,154169,52.16
False,False,71.6,154170,52.16
False,False,71.6,154171,52.16
False,False,71.6,154172,52.7
False,False,71.42,154173,52.7
False,False,71.42,154174,52.7
False,False,71.42,154175,52.7
False,False,71.42,154176,52.7
False,False,71.42,154177,52.7
False,False,71.42,154178,52.7
False,False,71.42,154179,52.7
False,False,71.42,154180,52.7
False,False,71.42,154181,52.7
False,False,71.42,154182,52.7
False,False,71.42,154183,52.7
False,False,71.42,154184,52.7
False,False,71.42,154185,52.88
False,False,71.42,154186,52.88
False,False,71.42,154187,52.88
False,False,71.24000000000001,154188,52.88
False,False,71.24000000000001,154189,52.88
False,False,71.24000000000001,154190,52.88
False,False,71.24000000000001,154191,52.88
False,False,71.24000000000001,154192,52.88
False,False,71.24000000000001,154193,52.88
False,False,71.24000000000001,154194,52.88
False,False,71.24000000000001,154195,52.88
False,False,71.24000000000001,154196,52.88
False,False,71.24000000000001,154197,52.88
False,False,71.24000000000001,154198,52.88
False,False,71.24000000000001,154199,52.88
False,False,71.24000000000001,154200,52.88
False,False,71.24000000000001,154201,52.88
False,False,71.24000000000001,154202,52.88
False,False,71.24000000000001,154203,52.88
False,False,71.06,154204,52.88
False,False,71.06,154205,52.88
False,False,71.06,154206,52.88
False,False,71.06,154207,52.88
False,False,71.06,154208,52.88
False,False,71.06,154209,52.88
False,False,71.06,154210,52.88
False,False,71.06,154211,52.88
False,False,71.06,154212,52.88
False,False,71.06,154213,52.88
False,False,71.06,154214,52.88
False,False,71.06,154215,52.88
False,False,71.06,154216,52.88
False,False,71.06,154217,52.88
False,False,71.06,154218,52.88
False,False,70.88,154219,52.88
False,False,70.88,154220,52.88
False,False,70.88,154221,52.88
False,False,70.88,154222,52.88
False,False,70.88,154223,52.88
False,False,70.88,154224,52.88
False,False,70.88,154225,52.88
False,False,70.88,154226,52.88
False,False,70.88,154227,52.88
False,False,70.88,154228,52.88
False,False,70.88,154229,52.88
False,False,70.88,154230,52.7
False,False,70.88,154231,52.7
False,False,70.88,154232,52.7
False,False,70.88,154233,52.7
False,False,70.88,154234,52.7
False,False,70.88,154235,52.52
False,False,70.88,154236,52.52
False,False,70.88,154237,52.52
False,False,70.88,154238,52.52
False,False,70.88,154239,52.52
False,False,70.88,154240,52.52
False,False,70.88,154241,52.52
False,False,70.88,154242,52.52
False,False,70.88,154243,52.52
False,False,70.88,154244,52.52
False,False,70.88,154245,52.7
False,False,70.88,154246,52.7
False,False,70.7,154247,52.7
False,False,70.7,154248,52.7
False,False,70.7,154249,52.7
False,False,70.7,154250,52.7
False,False,70.88,154251,52.7
False,False,70.88,154252,52.7
False,False,70.7,154253,52.7
False,False,70.7,154254,52.7
False,False,70.7,154255,52.7
False,False,70.7,154256,52.7
False,False,70.7,154257,52.7
False,False,70.7,154258,52.7
False,False,70.7,154259,52.7
False,False,70.7,154260,52.7
False,False,70.7,154261,52.7
False,False,70.7,154262,52.7
False,False,70.7,154263,52.7
False,False,70.7,154264,52.7
False,False,70.7,154265,52.7
False,False,70.7,154266,52.7
False,False,70.7,154267,52.7
False,False,70.7,154268,52.7
False,False,70.7,154269,52.7
False,False,70.7,154270,52.7
False,False,70.7,154271,52.7
False,False,70.7,154272,52.7
False,False,70.7,154273,52.7
False,False,70.52,154274,52.7
False,False,70.52,154275,52.7
False,False,70.7,154276,52.7
False,False,70.52,154277,52.7
False,False,70.7,154278,52.7
False,False,70.52,154279,52.7
False,False,70.52,154280,52.7
False,False,70.52,154281,52.7
False,False,70.52,154282,52.7
False,False,70.52,154283,52.7
False,False,70.52,154284,52.7
False,False,70.52,154285,52.7
False,False,70.52,154286,52.7
False,False,70.52,154287,52.7
False,False,70.52,154288,52.7
False,False,70.52,154289,52.7
False,False,70.52,154290,52.52
False,False,70.52,154291,52.52
False,False,70.52,154292,52.52
False,False,70.52,154293,52.52
False,False,70.52,154294,52.52
False,False,70.52,154295,52.52
False,False,70.52,154296,52.52
False,False,70.52,154297,52.52
False,False,70.52,154298,52.52
False,False,70.52,154299,52.88
False,False,70.52,154300,52.88
False,False,70.52,154301,52.88
False,False,70.52,154303,52.88
False,False,70.52,154303,52.88
False,False,70.52,154304,52.88
False,False,70.52,154305,52.88
False,False,70.52,154306,52.88
False,False,70.34,154307,52.88
False,False,70.34,154308,52.88
False,False,70.34,154309,52.88
False,False,70.34,154310,52.88
False,False,70.34,154311,52.88
False,False,70.34,154312,52.88
False,False,70.34,154313,52.88
False,False,70.34,154314,52.88
False,False,70.34,154315,52.88
False,False,70.34,154316,52.88
False,False,70.34,154317,52.88
False,False,70.34,154318,52.88
False,False,70.34,154319,52.88
False,False,70.34,154320,52.88
False,False,70.34,154321,52.88
False,False,70.34,154322,52.88
False,False,70.34,154323,52.88
False,False,70.34,154324,52.88
False,False,70.34,154325,52.88
False,False,70.34,154326,52.88
False,False,70.34,154327,52.88
False,False,70.34,154328,52.88
False,False,70.34,154329,52.88
False,False,70.34,154330,52.88
False,False,70.34,154331,52.88
False,False,70.34,154332,52.88
False,False,70.34,154333,52.88
False,False,70.34,154334,52.88
False,False,70.34,154335,52.88
False,False,70.16,154336,52.88
False,False,70.34,154337,52.88
False,False,70.16,154338,52.88
False,False,70.16,154339,52.88
False,False,70.16,154340,52.88
False,False,70.16,154341,52.88
False,False,70.16,154342,52.88
False,False,70.16,154343,52.88
False,False,70.16,154344,52.88
False,False,70.16,154345,52.88
False,False,69.98,154346,52.88
False,False,69.98,154347,52.88
False,False,69.98,154348,52.88
False,False,69.98,154349,52.88
False,False,69.98,154350,52.88
False,False,69.98,154351,52.88
False,False,69.98,154352,52.88
False,False,69.98,154353,52.88
False,False,69.98,154354,52.88
False,False,69.98,154355,52.88
False,False,69.98,154356,52.88
False,False,69.98,154357,52.88
False,False,69.98,154358,52.88
False,False,69.98,154359,52.88
False,False,69.98,154360,52.88
False,False,69.98,154361,52.88
False,False,69.98,154362,52.88
False,False,69.98,154363,52.88
False,False,69.98,154364,52.88
False,False,69.98,154365,52.7
False,False,69.98,154366,52.7
False,False,69.98,154367,52.7
False,False,69.98,154368,52.7
False,False,69.98,154369,52.7
False,False,69.98,154370,52.7
False,False,69.98,154371,52.7
False,False,69.98,154372,52.7
False,False,69.98,154373,52.7
False,False,69.98,154374,52.7
False,False,69.98,154375,52.7
False,False,69.98,154376,52.7
False,False,69.98,154377,52.7
False,False,69.98,154378,52.7
False,False,69.98,154379,52.7
False,False,69.98,154380,52.7
False,False,69.98,154381,52.7
False,False,69.98,154382,52.7
False,False,69.98,154383,52.7
False,False,69.98,154384,52.7
False,False,69.98,154385,52.7
False,False,69.98,154386,52.7
False,False,69.98,154387,52.7
False,False,69.98,154388,52.7
False,False,69.98,154389,52.7
False,False,69.98,154390,52.7
False,False,69.98,154391,52.7
False,False,69.98,154392,52.7
False,False,69.98,154393,52.7
False,False,69.98,154394,52.7
False,False,69.98,154395,52.52
False,False,69.98,154396,52.52
False,False,69.98,154397,52.52
False,False,69.98,154398,52.52
False,False,69.98,154399,52.52
False,False,69.98,154400,52.52
False,False,69.98,154401,52.52
False,False,69.98,154402,52.52
False,False,69.98,154403,52.52
False,False,69.98,154404,52.52
False,False,69.98,154405,52.52
False,False,69.98,154406,52.52
False,False,69.98,154407,52.52
False,False,69.98,154408,52.52
False,False,69.98,154409,52.52
False,False,69.98,154410,52.52
False,False,69.8,154411,52.52
False,False,69.8,154412,52.52
False,False,69.8,154413,52.52
False,False,69.8,154414,52.52
False,False,69.8,154415,52.52
False,False,69.8,154416,52.52
False,False,69.8,154417,52.52
False,False,69.8,154418,52.52
False,False,69.8,154419,52.52
False,False,69.8,154420,52.52
False,False,69.8,154421,52.52
False,False,69.8,154422,52.52
False,False,69.8,154423,52.52
False,False,69.8,154424,52.52
False,False,69.8,154425,51.98
False,False,69.8,154426,51.98
False,False,69.8,154427,51.98
False,False,69.8,154428,51.98
False,False,69.8,154429,51.98
False,False,69.8,154430,51.98
False,False,69.8,154431,51.98
False,False,69.8,154432,51.98
False,False,69.8,154433,51.98
False,False,69.8,154434,51.98
False,False,69.8,154435,51.98
False,False,69.8,154436,51.98
False,False,69.8,154437,51.98
False,False,69.8,154438,52.7
False,False,69.8,154439,52.7
False,False,69.8,154440,52.7
False,False,69.8,154441,52.7
False,False,69.8,154442,52.7
False,False,69.8,154443,52.7
False,False,69.8,154444,52.7
False,False,69.8,154445,52.7
False,False,69.8,154446,52.7
False,False,69.8,154447,52.7
False,False,69.8,154448,52.7
False,False,69.62,154449,52.7
False,False,69.62,154450,52.7
False,False,69.62,154451,52.7
False,False,69.62,154452,52.7
False,False,69.62,154453,52.7
False,False,69.62,154454,52.7
False,False,69.62,154455,52.52
False,False,69.62,154456,52.52
False,False,69.62,154457,52.52
False,False,69.62,154458,52.52
False,False,69.62,154459,52.52
False,False,69.62,154460,52.52
False,False,69.62,154461,52.52
False,False,69.62,154462,52.52
False,False,69.62,154463,52.52
False,False,69.62,154464,52.52
False,False,69.62,154465,52.52
False,False,69.62,154466,52.52
False,False,69.62,154467,52.52
False,False,69.62,154468,52.52
False,False,69.62,154469,52.52
False,False,69.44,154470,52.52
False,False,69.62,154471,52.52
False,False,69.62,154472,52.52
False,False,69.44,154473,52.52
False,False,69.62,154474,52.52
False,False,69.62,154475,52.52
False,False,69.62,154476,52.52
False,False,69.62,154477,52.52
False,False,69.62,154478,52.52
False,False,69.62,154479,52.52
False,False,69.62,154480,52.52
False,False,69.44,154481,52.52
False,False,69.44,154482,52.52
False,False,69.44,154483,52.52
False,False,69.44,154484,52.52
False,False,69.44,154485,52.88
False,False,69.44,154486,52.88
False,False,69.44,154487,52.88
False,False,69.44,154488,52.88
False,False,69.44,154489,52.88
False,False,69.44,154490,52.88
False,False,69.44,154491,52.88
False,False,69.44,154492,52.88
False,False,69.44,154493,52.88
False,False,69.44,154494,52.88
False,False,69.44,154495,52.88
False,False,69.44,154496,52.88
False,False,69.44,154497,52.88
False,False,69.44,154498,52.88
False,False,69.44,154499,52.88
False,False,69.44,154500,53.06
False,False,69.44,154501,53.06
False,False,69.44,154502,53.06
False,False,69.25999999999999,154503,53.06
False,False,69.44,154504,53.06
False,False,69.25999999999999,154505,53.06
False,False,69.44,154506,53.06
False,False,69.44,154507,53.06
False,False,69.44,154508,53.06
False,False,69.62,154509,53.06
False,False,69.44,154510,53.06
False,False,69.44,154511,53.06
False,False,69.25999999999999,154512,53.06
False,False,68.9,154513,53.06
False,False,68.52199999999999,154514,53.06
False,False,68.18,154515,53.42
False,False,68.0,154516,53.42
False,False,68.18,154517,53.42
False,False,68.18,154518,53.42
False,False,68.18,154519,53.42
False,False,68.18,154520,53.42
False,False,68.18,154521,53.42
False,False,68.18,154522,53.42
False,False,68.18,154523,53.42
False,False,68.36,154524,53.42
False,False,68.52199999999999,154525,53.42
False,False,68.52199999999999,154526,53.96
False,False,68.52199999999999,154527,53.96
False,False,68.52199999999999,154528,53.96
False,False,68.52199999999999,154529,53.96
False,False,68.36,154530,54.5
False,False,68.52199999999999,154531,54.5
False,False,68.52199999999999,154532,54.5
False,False,68.52199999999999,154533,54.5
False,False,68.72,154534,54.5
False,False,68.72,154535,54.5
False,False,68.72,154536,54.5
False,False,68.9,154537,54.5
False,False,68.9,154538,54.5
False,False,68.9,154539,54.5
False,False,68.9,154540,54.5
False,False,68.72,154541,54.5
False,False,68.72,154542,54.5
False,False,68.72,154543,54.5
False,False,68.52199999999999,154544,54.5
False,False,68.72,154545,54.68
False,False,68.72,154546,54.68
False,False,68.72,154547,54.68
False,False,68.72,154548,54.68
False,False,68.9,154549,54.68
False,False,68.9,154550,54.68
False,False,68.9,154551,54.68
False,False,68.9,154552,54.68
False,False,68.9,154553,54.68
False,False,68.9,154554,54.68
False,False,69.08,154555,54.68
False,False,68.9,154556,54.68
False,False,68.9,154557,54.68
False,False,68.72,154558,54.68
False,False,68.52199999999999,154559,54.68
False,False,68.36,154560,55.04
False,False,68.18,154561,55.04
False,False,68.0,154562,55.04
False,False,68.0,154563,55.04
False,False,68.0,154564,55.04
False,False,68.18,154565,55.04
False,False,68.18,154566,55.04
False,False,68.18,154567,55.04
False,False,68.18,154568,55.04
False,False,68.18,154569,55.04
False,False,68.18,154570,55.04
False,False,68.18,154571,55.04
False,False,68.18,154572,55.04
False,False,68.18,154573,55.04
False,False,68.36,154574,55.04
False,False,68.18,154575,55.58
False,False,68.18,154576,55.58
False,False,68.18,154577,55.58
False,False,68.18,154578,55.58
False,False,68.18,154579,55.58
False,False,68.18,154580,55.58
False,False,68.18,154581,55.58
False,False,68.18,154582,55.58
False,False,68.18,154583,55.58
False,False,68.18,154584,55.58
False,False,68.18,154585,55.58
False,False,68.18,154586,55.58
False,False,68.18,154587,55.58
False,False,68.18,154588,55.58
False,False,68.18,154589,55.58
False,False,68.18,154590,55.76
False,False,68.18,154591,55.76
False,False,68.0,154592,55.76
False,False,68.0,154593,55.76
False,False,68.0,154594,55.76
False,False,68.0,154595,55.76
False,False,68.0,154596,55.76
False,False,68.0,154597,55.76
False,False,67.82,154598,55.76
False,False,67.82,154599,55.76
False,False,67.82,154600,55.76
False,False,68.0,154601,55.76
False,False,68.0,154602,55.76
False,False,68.0,154603,55.76
False,False,68.0,154604,55.76
